{
  "0": "ADHD",
  "1": "고지혈증",
  "2": "고혈압",
  "3": "관절염",
  "4": "기침",
  "5": "녹내장",
  "6": "당뇨병",
  "7": "대사질환",
  "8": "말초혈관질환",
  "9": "바이러스감염",
  "10": "배뇨장애",
  "11": "변비",
  "12": "복합감염",
  "13": "불면증",
  "14": "불안장애",
  "15": "비염",
  "16": "세균감염",
  "17": "심부전",
  "18": "안과감염",
  "19": "안질환",
  "20": "역류성식도염",
  "21": "영양결핍",
  "22": "우울증",
  "23": "위염",
  "24": "정신질환",
  "25": "진균감염",
  "26": "천식",
  "27": "통증",
  "28": "통풍",
  "29": "피부감염",
  "30": "피부염",
  "31": "해독",
  "32": "혈전예방",
  "33": "호흡기감염",
  "34": "호흡기질환"
}